AF-A0A078MK14-F1-model_v4.pdb	AF-A0A078MK14-F1-model_v4.pdb
AF-A0A078MK14-F1-model_v4.pdb	AF-A0A4V2DZ80-F1-model_v4.pdb
AF-A0A078MK14-F1-model_v4.pdb	AF-A0A2R2W5C2-F1-model_v4.pdb
AF-A0A0A2VBZ4-F1-model_v4.pdb	AF-A0A0A2VBZ4-F1-model_v4.pdb
AF-A0A0A2VBZ4-F1-model_v4.pdb	AF-A0A1G8S2X6-F1-model_v4.pdb
AF-A0A0B7MQS5-F1-model_v4.pdb	AF-A0A0B7MQS5-F1-model_v4.pdb
AF-A0A0D0RVH7-F1-model_v4.pdb	AF-A0A0D0RVH7-F1-model_v4.pdb
AF-A0A0D0RVH7-F1-model_v4.pdb	AF-A0A098EI80-F1-model_v4.pdb
AF-A0A0D0RVH7-F1-model_v4.pdb	AF-A0A2S5D4V8-F1-model_v4.pdb
AF-A0A0G1MTH1-F1-model_v4.pdb	AF-A0A0G1MTH1-F1-model_v4.pdb
AF-A0A117EBF4-F1-model_v4.pdb	AF-A0A117EBF4-F1-model_v4.pdb
AF-A0A117EBF4-F1-model_v4.pdb	AF-A0A1V5U177-F1-model_v4.pdb
AF-A0A117EBF4-F1-model_v4.pdb	AF-A0A829ZIN9-F1-model_v4.pdb
AF-A0A151B350-F1-model_v4.pdb	AF-A0A151B350-F1-model_v4.pdb
AF-A0A151B350-F1-model_v4.pdb	AF-A0A162TRS5-F1-model_v4.pdb
AF-A0A151B350-F1-model_v4.pdb	AF-A0A1V4IFT6-F1-model_v4.pdb
AF-A0A151B350-F1-model_v4.pdb	AF-A0A0L6Z818-F1-model_v4.pdb
AF-A0A151B350-F1-model_v4.pdb	AF-A0A1V5L937-F1-model_v4.pdb
AF-A0A163ZA77-F1-model_v4.pdb	AF-A0A163ZA77-F1-model_v4.pdb
AF-A0A165B3M3-F1-model_v4.pdb	AF-A0A165B3M3-F1-model_v4.pdb
AF-A0A165B3M3-F1-model_v4.pdb	AF-A0A1H0WYG5-F1-model_v4.pdb
AF-A0A165B3M3-F1-model_v4.pdb	AF-A0A1V6C403-F1-model_v4.pdb
AF-A0A165B3M3-F1-model_v4.pdb	AF-A0A4Y7R8Q8-F1-model_v4.pdb
AF-A0A165B3M3-F1-model_v4.pdb	AF-A0A6V7R5K0-F1-model_v4.pdb
AF-A0A165B3M3-F1-model_v4.pdb	AF-A0A7T1F3W4-F1-model_v4.pdb
AF-A0A165B3M3-F1-model_v4.pdb	AF-S7SZV7-F1-model_v4.pdb
AF-A0A165B3M3-F1-model_v4.pdb	AF-A0A2R3JUC6-F1-model_v4.pdb
AF-A0A165B3M3-F1-model_v4.pdb	AF-A0A1Y0WKX0-F1-model_v4.pdb
AF-A0A165B3M3-F1-model_v4.pdb	AF-A0A6F9XLF6-F1-model_v4.pdb
AF-A0A165B3M3-F1-model_v4.pdb	AF-A0A330LFL9-F1-model_v4.pdb
AF-A0A165B3M3-F1-model_v4.pdb	AF-A0A7U9QYQ8-F1-model_v4.pdb
AF-A0A165B3M3-F1-model_v4.pdb	AF-A0A7U9MPR8-F1-model_v4.pdb
AF-A0A165B3M3-F1-model_v4.pdb	AF-A0A143X992-F1-model_v4.pdb
AF-A0A165B3M3-F1-model_v4.pdb	AF-A0A1C5KYE3-F1-model_v4.pdb
AF-A0A165B3M3-F1-model_v4.pdb	AF-A0A173U6N6-F1-model_v4.pdb
AF-A0A165B3M3-F1-model_v4.pdb	AF-A0A174B8I9-F1-model_v4.pdb
AF-A0A165B3M3-F1-model_v4.pdb	AF-A0A1C5PI34-F1-model_v4.pdb
AF-A0A165B3M3-F1-model_v4.pdb	AF-A0A1C6A4C0-F1-model_v4.pdb
AF-A0A165B3M3-F1-model_v4.pdb	AF-A0A1C6JX73-F1-model_v4.pdb
AF-A0A165B3M3-F1-model_v4.pdb	AF-A0A7U9WXR3-F1-model_v4.pdb
AF-A0A165B3M3-F1-model_v4.pdb	AF-A0A7V8FF20-F1-model_v4.pdb
AF-A0A165B3M3-F1-model_v4.pdb	AF-A0A2T0MBL5-F1-model_v4.pdb
AF-A0A165B3M3-F1-model_v4.pdb	AF-A0A378I0S2-F1-model_v4.pdb
AF-A0A165B3M3-F1-model_v4.pdb	AF-A0A857JNU5-F1-model_v4.pdb
AF-A0A165B3M3-F1-model_v4.pdb	AF-A3TVW4-F1-model_v4.pdb
AF-A0A166IG42-F1-model_v4.pdb	AF-A0A166IG42-F1-model_v4.pdb
AF-A0A174N6D9-F1-model_v4.pdb	AF-A0A174N6D9-F1-model_v4.pdb
AF-A0A174RHF1-F1-model_v4.pdb	AF-A0A174RHF1-F1-model_v4.pdb
AF-A0A1C3RCD0-F1-model_v4.pdb	AF-A0A1C3RCD0-F1-model_v4.pdb
AF-A0A1C3RCD0-F1-model_v4.pdb	AF-K2KE81-F1-model_v4.pdb
AF-A0A1C3RCD0-F1-model_v4.pdb	AF-A0A4Y7RJ07-F1-model_v4.pdb
AF-A0A1C3RCD0-F1-model_v4.pdb	AF-A0A1V4XN89-F1-model_v4.pdb
AF-A0A1C3RCD0-F1-model_v4.pdb	AF-A0A1V4WUU8-F1-model_v4.pdb
AF-A0A1C3RCD0-F1-model_v4.pdb	AF-A0A1V4XZT9-F1-model_v4.pdb
AF-A0A1C3RCD0-F1-model_v4.pdb	AF-A0A1V6APH4-F1-model_v4.pdb
AF-A0A1C3RCD0-F1-model_v4.pdb	AF-A0A2Z5SIZ2-F1-model_v4.pdb
AF-A0A1C5KMM8-F1-model_v4.pdb	AF-A0A1C5KMM8-F1-model_v4.pdb
AF-A0A1C5KMM8-F1-model_v4.pdb	AF-A0A1C5VXA3-F1-model_v4.pdb
AF-A0A1C5KMM8-F1-model_v4.pdb	AF-A0A0J1I6K8-F1-model_v4.pdb
AF-A0A1C5KMM8-F1-model_v4.pdb	AF-A0A173VAM1-F1-model_v4.pdb
AF-A0A1C5KPL5-F1-model_v4.pdb	AF-A0A1C5KPL5-F1-model_v4.pdb
AF-A0A1C5KPL5-F1-model_v4.pdb	AF-A0A174EN32-F1-model_v4.pdb
AF-A0A1C5KPL5-F1-model_v4.pdb	AF-A0A174TDS3-F1-model_v4.pdb
AF-A0A1C5KPL5-F1-model_v4.pdb	AF-A0A4P6LW61-F1-model_v4.pdb
AF-A0A1C5ML14-F1-model_v4.pdb	AF-A0A1C5ML14-F1-model_v4.pdb
AF-A0A1C5ML14-F1-model_v4.pdb	AF-A0A1C5KNM7-F1-model_v4.pdb
AF-A0A1C5ML14-F1-model_v4.pdb	AF-A0A2H5YNU4-F1-model_v4.pdb
AF-A0A1C5ML14-F1-model_v4.pdb	AF-A0A380WV11-F1-model_v4.pdb
AF-A0A1C5ML14-F1-model_v4.pdb	AF-A0A4U8QLW8-F1-model_v4.pdb
AF-A0A1C5NTX1-F1-model_v4.pdb	AF-A0A1C5NTX1-F1-model_v4.pdb
AF-A0A1C5NTX1-F1-model_v4.pdb	AF-A0A1S8L7Q9-F1-model_v4.pdb
AF-A0A1C5QMY6-F1-model_v4.pdb	AF-A0A1C5QMY6-F1-model_v4.pdb
AF-A0A1C5S0Y9-F1-model_v4.pdb	AF-A0A1C5S0Y9-F1-model_v4.pdb
AF-A0A1C5SKU4-F1-model_v4.pdb	AF-A0A1C5SKU4-F1-model_v4.pdb
AF-A0A1C5SKU4-F1-model_v4.pdb	AF-A0A136MQA7-F1-model_v4.pdb
AF-A0A1C5SKU4-F1-model_v4.pdb	AF-A0A2S9YFI4-F1-model_v4.pdb
AF-A0A1V5RLE0-F1-model_v4.pdb	AF-A0A1V5RLE0-F1-model_v4.pdb
AF-A0A1V5RLE0-F1-model_v4.pdb	AF-A0A1V5X8L6-F1-model_v4.pdb
AF-A0A1V5U0D9-F1-model_v4.pdb	AF-A0A1V5U0D9-F1-model_v4.pdb
AF-A0A1V5W6F5-F1-model_v4.pdb	AF-A0A1V5W6F5-F1-model_v4.pdb
AF-A0A1V5W6F5-F1-model_v4.pdb	AF-A0A381ECX2-F1-model_v4.pdb
AF-A0A1V5W6F5-F1-model_v4.pdb	AF-A0A0X7BAL7-F1-model_v4.pdb
AF-A0A1V5W6F5-F1-model_v4.pdb	AF-A0A080MA22-F1-model_v4.pdb
AF-A0A1V5W6F5-F1-model_v4.pdb	AF-A0A3S4MVH7-F1-model_v4.pdb
AF-A0A1V5W6F5-F1-model_v4.pdb	AF-A0A1U7MJW2-F1-model_v4.pdb
AF-A0A1V5W6F5-F1-model_v4.pdb	AF-A0A080LTB7-F1-model_v4.pdb
AF-A0A1V5W6F5-F1-model_v4.pdb	AF-A0A0D0HNG2-F1-model_v4.pdb
AF-A0A1V5W6F5-F1-model_v4.pdb	AF-A0A1V5HWU4-F1-model_v4.pdb
AF-A0A1V5W6F5-F1-model_v4.pdb	AF-A0A7Z0VHT7-F1-model_v4.pdb
AF-A0A1V5W6F5-F1-model_v4.pdb	AF-L8DHP6-F1-model_v4.pdb
AF-A0A1V5WC85-F1-model_v4.pdb	AF-A0A1V5WC85-F1-model_v4.pdb
AF-A0A1V5Y4F6-F1-model_v4.pdb	AF-A0A1V5Y4F6-F1-model_v4.pdb
AF-A0A1V5YL97-F1-model_v4.pdb	AF-A0A1V5YL97-F1-model_v4.pdb
AF-A0A1V5YPB2-F1-model_v4.pdb	AF-A0A1V5YPB2-F1-model_v4.pdb
AF-A0A1V5YPB2-F1-model_v4.pdb	AF-A0A0S2HXD7-F1-model_v4.pdb
AF-A0A1V5YPB2-F1-model_v4.pdb	AF-A0A1V5F347-F1-model_v4.pdb
AF-A0A1V5YPB2-F1-model_v4.pdb	AF-A0A1V6HF93-F1-model_v4.pdb
AF-A0A1V5YPB2-F1-model_v4.pdb	AF-A0A1V6BHJ7-F1-model_v4.pdb
AF-A0A1V5YPB2-F1-model_v4.pdb	AF-A0A120MYW0-F1-model_v4.pdb
AF-A0A1V5YPB2-F1-model_v4.pdb	AF-A0A376GF05-F1-model_v4.pdb
AF-A0A1V5YPB2-F1-model_v4.pdb	AF-A0A1V6JEK4-F1-model_v4.pdb
AF-A0A1V5YPB2-F1-model_v4.pdb	AF-A0A2Z2NI95-F1-model_v4.pdb
AF-A0A1V5YPB2-F1-model_v4.pdb	AF-A0A3B0PVY9-F1-model_v4.pdb
AF-A0A1V5YPB2-F1-model_v4.pdb	AF-A0A6N2XN37-F1-model_v4.pdb
AF-A0A1V5YPB2-F1-model_v4.pdb	AF-A0A7X5TD29-F1-model_v4.pdb
AF-A0A1V5YPB2-F1-model_v4.pdb	AF-A0A3P5WV69-F1-model_v4.pdb
AF-A0A1V6BES0-F1-model_v4.pdb	AF-A0A1V6BES0-F1-model_v4.pdb
AF-A0A1V6BVN9-F1-model_v4.pdb	AF-A0A1V6BVN9-F1-model_v4.pdb
AF-A0A1V6BVN9-F1-model_v4.pdb	AF-A0A174QUU0-F1-model_v4.pdb
AF-A0A1V6BVN9-F1-model_v4.pdb	AF-A0A3P1BK63-F1-model_v4.pdb
AF-A0A1V6I6W1-F1-model_v4.pdb	AF-A0A1V6I6W1-F1-model_v4.pdb
AF-A0A1X9M9P6-F1-model_v4.pdb	AF-A0A1X9M9P6-F1-model_v4.pdb
AF-A0A1X9MEU0-F1-model_v4.pdb	AF-A0A1X9MEU0-F1-model_v4.pdb
AF-A0A1X9MM83-F1-model_v4.pdb	AF-A0A1X9MM83-F1-model_v4.pdb
AF-A0A1Y0VKX2-F1-model_v4.pdb	AF-A0A1Y0VKX2-F1-model_v4.pdb
AF-A0A1Y0VKX2-F1-model_v4.pdb	AF-A0A075R247-F1-model_v4.pdb
AF-A0A1Y2MSQ6-F1-model_v4.pdb	AF-A0A1Y2MSQ6-F1-model_v4.pdb
AF-A0A1Y2MSQ6-F1-model_v4.pdb	AF-A0A0A1MTG8-F1-model_v4.pdb
AF-A0A246KEF4-F1-model_v4.pdb	AF-A0A246KEF4-F1-model_v4.pdb
AF-A0A248JXY1-F1-model_v4.pdb	AF-A0A248JXY1-F1-model_v4.pdb
AF-A0A248JXY1-F1-model_v4.pdb	AF-A0A161X8H2-F1-model_v4.pdb
AF-A0A248JXY1-F1-model_v4.pdb	AF-A0A2K9NEV4-F1-model_v4.pdb
AF-A0A248JXY1-F1-model_v4.pdb	AF-A0A2S1XT41-F1-model_v4.pdb
AF-A0A248JXY1-F1-model_v4.pdb	AF-A0A3B9ITG5-F1-model_v4.pdb
AF-A0A254NPA3-F1-model_v4.pdb	AF-A0A254NPA3-F1-model_v4.pdb
AF-A0A254NPA3-F1-model_v4.pdb	AF-A0A2V2YMD5-F1-model_v4.pdb
AF-A0A254NPA3-F1-model_v4.pdb	AF-A0A433XPS9-F1-model_v4.pdb
AF-A0A254NPA3-F1-model_v4.pdb	AF-A0A4Q2I166-F1-model_v4.pdb
AF-A0A254NPA3-F1-model_v4.pdb	AF-A0A562QT20-F1-model_v4.pdb
AF-A0A254NPA3-F1-model_v4.pdb	AF-A0A5D0D2L3-F1-model_v4.pdb
AF-A0A259UIB8-F1-model_v4.pdb	AF-A0A259UIB8-F1-model_v4.pdb
AF-A0A259UIB8-F1-model_v4.pdb	AF-A0A5P9HLP1-F1-model_v4.pdb
AF-A0A259UIB8-F1-model_v4.pdb	AF-A0A1U9Z5B0-F1-model_v4.pdb
AF-A0A259UIB8-F1-model_v4.pdb	AF-A0A2S0XR11-F1-model_v4.pdb
AF-A0A259UIB8-F1-model_v4.pdb	AF-A0A6N3A346-F1-model_v4.pdb
AF-A0A259UIB8-F1-model_v4.pdb	AF-E2CGT6-F1-model_v4.pdb
AF-A0A285HCD2-F1-model_v4.pdb	AF-A0A285HCD2-F1-model_v4.pdb
AF-A0A285HCD2-F1-model_v4.pdb	AF-A0A1V5S4G7-F1-model_v4.pdb
AF-A0A285HCD2-F1-model_v4.pdb	AF-A0A316LKK8-F1-model_v4.pdb
AF-A0A285HCD2-F1-model_v4.pdb	AF-A0A0F4VXA8-F1-model_v4.pdb
AF-A0A288QYN7-F1-model_v4.pdb	AF-A0A288QYN7-F1-model_v4.pdb
AF-A0A2A5RNG4-F1-model_v4.pdb	AF-A0A2A5RNG4-F1-model_v4.pdb
AF-A0A2A5RNG4-F1-model_v4.pdb	AF-A0A1C6ADJ8-F1-model_v4.pdb
AF-A0A2A5RNG4-F1-model_v4.pdb	AF-A0A554X2L3-F1-model_v4.pdb
AF-A0A2A5RNG4-F1-model_v4.pdb	AF-A0A2L2WTV2-F1-model_v4.pdb
AF-A0A2A5RNG4-F1-model_v4.pdb	AF-A0A1K9ZY75-F1-model_v4.pdb
AF-A0A2A5RNG4-F1-model_v4.pdb	AF-A0A6P2EXD0-F1-model_v4.pdb
AF-A0A2A5RNG4-F1-model_v4.pdb	AF-A0A388PTQ8-F1-model_v4.pdb
AF-A0A2A5RNG4-F1-model_v4.pdb	AF-V4YL22-F1-model_v4.pdb
AF-A0A2A5RNG4-F1-model_v4.pdb	AF-A0A422M907-F1-model_v4.pdb
AF-A0A2H5ZIX1-F1-model_v4.pdb	AF-A0A2H5ZIX1-F1-model_v4.pdb
AF-A0A2H6EP44-F1-model_v4.pdb	AF-A0A2H6EP44-F1-model_v4.pdb
AF-A0A2K4ZQP4-F1-model_v4.pdb	AF-A0A2K4ZQP4-F1-model_v4.pdb
AF-A0A2K4ZQP4-F1-model_v4.pdb	AF-A0A143XWZ4-F1-model_v4.pdb
AF-A0A2K4ZQP4-F1-model_v4.pdb	AF-A0A1C6HAI5-F1-model_v4.pdb
AF-A0A2K4ZQP4-F1-model_v4.pdb	AF-A0A518C016-F1-model_v4.pdb
AF-A0A2K9E4F8-F1-model_v4.pdb	AF-A0A2K9E4F8-F1-model_v4.pdb
AF-A0A2K9E4F8-F1-model_v4.pdb	AF-A0A2N9BB34-F1-model_v4.pdb
AF-A0A2M8TZZ9-F1-model_v4.pdb	AF-A0A2M8TZZ9-F1-model_v4.pdb
AF-A0A2P4UJ83-F1-model_v4.pdb	AF-A0A2P4UJ83-F1-model_v4.pdb
AF-A0A2P8HWB3-F1-model_v4.pdb	AF-A0A2P8HWB3-F1-model_v4.pdb
AF-A0A2P8HWB3-F1-model_v4.pdb	AF-A0A1I5NXJ9-F1-model_v4.pdb
AF-A0A2P8HWB3-F1-model_v4.pdb	AF-D3G001-F1-model_v4.pdb
AF-A0A2S9Y483-F1-model_v4.pdb	AF-A0A2S9Y483-F1-model_v4.pdb
AF-A0A2T0BMT3-F1-model_v4.pdb	AF-A0A2T0BMT3-F1-model_v4.pdb
AF-A0A2W7MNT1-F1-model_v4.pdb	AF-A0A2W7MNT1-F1-model_v4.pdb
AF-A0A2W7MNT1-F1-model_v4.pdb	AF-A0A1I5ZX75-F1-model_v4.pdb
AF-A0A2W7MNT1-F1-model_v4.pdb	AF-A0A562K2Q9-F1-model_v4.pdb
AF-R7K962-F1-model_v4.pdb	AF-R7K962-F1-model_v4.pdb
AF-R7K962-F1-model_v4.pdb	AF-R5FSU6-F1-model_v4.pdb
AF-S7U7G8-F1-model_v4.pdb	AF-S7U7G8-F1-model_v4.pdb
AF-V4R1H7-F1-model_v4.pdb	AF-V4R1H7-F1-model_v4.pdb
AF-V6MEX2-F1-model_v4.pdb	AF-V6MEX2-F1-model_v4.pdb
AF-V6MEX2-F1-model_v4.pdb	AF-V6MCF6-F1-model_v4.pdb
AF-V6MEX2-F1-model_v4.pdb	AF-A0A1V5Y1B4-F1-model_v4.pdb
AF-V7PZ44-F1-model_v4.pdb	AF-V7PZ44-F1-model_v4.pdb
AF-W4QUP1-F1-model_v4.pdb	AF-W4QUP1-F1-model_v4.pdb
AF-A0A328N7T9-F1-model_v4.pdb	AF-A0A328N7T9-F1-model_v4.pdb
AF-A0A328NN67-F1-model_v4.pdb	AF-A0A328NN67-F1-model_v4.pdb
AF-A0A377Q628-F1-model_v4.pdb	AF-A0A377Q628-F1-model_v4.pdb
AF-A0A378NJZ7-F1-model_v4.pdb	AF-A0A378NJZ7-F1-model_v4.pdb
AF-A0A379DHS9-F1-model_v4.pdb	AF-A0A379DHS9-F1-model_v4.pdb
AF-A0A379LHS6-F1-model_v4.pdb	AF-A0A379LHS6-F1-model_v4.pdb
AF-A0A380MAT3-F1-model_v4.pdb	AF-A0A380MAT3-F1-model_v4.pdb
AF-A0A380MAT3-F1-model_v4.pdb	AF-A0A077MGS3-F1-model_v4.pdb
AF-A0A380MAT3-F1-model_v4.pdb	AF-A0A376EMN6-F1-model_v4.pdb
AF-A0A380ZWG3-F1-model_v4.pdb	AF-A0A380ZWG3-F1-model_v4.pdb
AF-A0A380ZWG3-F1-model_v4.pdb	AF-A0A239XCD8-F1-model_v4.pdb
AF-A0A380ZWG3-F1-model_v4.pdb	AF-A0A1V6CVW6-F1-model_v4.pdb
AF-A0A380ZWG3-F1-model_v4.pdb	AF-A0A0B8XUM8-F1-model_v4.pdb
AF-A0A380ZWG3-F1-model_v4.pdb	AF-A0A3S4WJB7-F1-model_v4.pdb
AF-A0A380ZWG3-F1-model_v4.pdb	AF-A0A4U9W399-F1-model_v4.pdb
AF-A0A380ZWG3-F1-model_v4.pdb	AF-A0A369QGF4-F1-model_v4.pdb
AF-A0A380ZWG3-F1-model_v4.pdb	AF-W7Y665-F1-model_v4.pdb
AF-A0A380ZWG3-F1-model_v4.pdb	AF-M7NQY8-F1-model_v4.pdb
AF-A0A380ZWG3-F1-model_v4.pdb	AF-A0A1V5N1S3-F1-model_v4.pdb
AF-A0A380ZWG3-F1-model_v4.pdb	AF-A0A6M1ZPX6-F1-model_v4.pdb
AF-A0A381EB14-F1-model_v4.pdb	AF-A0A381EB14-F1-model_v4.pdb
AF-A0A385BU75-F1-model_v4.pdb	AF-A0A385BU75-F1-model_v4.pdb
AF-A0A399ERK4-F1-model_v4.pdb	AF-A0A399ERK4-F1-model_v4.pdb
AF-A0A399ERK4-F1-model_v4.pdb	AF-A0A1V4W7S5-F1-model_v4.pdb
AF-A0A399ERK4-F1-model_v4.pdb	AF-A0A1V5XI10-F1-model_v4.pdb
AF-A0A399ERK4-F1-model_v4.pdb	AF-A0A0F0CDC4-F1-model_v4.pdb
AF-A0A399ERK4-F1-model_v4.pdb	AF-A0A0J1FJW4-F1-model_v4.pdb
AF-A0A399ERK4-F1-model_v4.pdb	AF-A0A0P8W459-F1-model_v4.pdb
AF-A0A399ERK4-F1-model_v4.pdb	AF-A0A174DPP8-F1-model_v4.pdb
AF-A0A399ERK4-F1-model_v4.pdb	AF-A0A2T0AVI9-F1-model_v4.pdb
AF-A0A399ERK4-F1-model_v4.pdb	AF-A0A0J1FCW4-F1-model_v4.pdb
AF-A0A399ERK4-F1-model_v4.pdb	AF-A0A2T0B125-F1-model_v4.pdb
AF-A0A399ERK4-F1-model_v4.pdb	AF-A0A348AMN4-F1-model_v4.pdb
AF-A0A399ERK4-F1-model_v4.pdb	AF-A0A348ANV7-F1-model_v4.pdb
AF-A0A399ERK4-F1-model_v4.pdb	AF-A0A4Q9Y2B2-F1-model_v4.pdb
AF-A0A399ERK4-F1-model_v4.pdb	AF-A0A136K0C9-F1-model_v4.pdb
AF-A0A399ERK4-F1-model_v4.pdb	AF-A0A1V5PM79-F1-model_v4.pdb
AF-A0A399ERK4-F1-model_v4.pdb	AF-A0A348AM59-F1-model_v4.pdb
AF-A0A399ERK4-F1-model_v4.pdb	AF-A0A2H5XCJ1-F1-model_v4.pdb
AF-A0A3N6GQP9-F1-model_v4.pdb	AF-A0A3N6GQP9-F1-model_v4.pdb
AF-A0A3P3XI41-F1-model_v4.pdb	AF-A0A3P3XI41-F1-model_v4.pdb
AF-A0A3P8KH75-F1-model_v4.pdb	AF-A0A3P8KH75-F1-model_v4.pdb
AF-A0A3P8KH75-F1-model_v4.pdb	AF-A0A0J6VLZ1-F1-model_v4.pdb
AF-A0A3P8KH75-F1-model_v4.pdb	AF-A0A143Q8D1-F1-model_v4.pdb
AF-A0A3S5AQD8-F1-model_v4.pdb	AF-A0A3S5AQD8-F1-model_v4.pdb
AF-A0A3S5AQD8-F1-model_v4.pdb	AF-A0A174ZGT3-F1-model_v4.pdb
AF-A0A4P1JX53-F1-model_v4.pdb	AF-A0A4P1JX53-F1-model_v4.pdb
AF-A0A4R7RUE4-F1-model_v4.pdb	AF-A0A4R7RUE4-F1-model_v4.pdb
AF-A0A4R7RUE4-F1-model_v4.pdb	AF-A0A1V4VR09-F1-model_v4.pdb
AF-A0A4R7RUE4-F1-model_v4.pdb	AF-A0A1C6L2J7-F1-model_v4.pdb
AF-A0A4R7RUE4-F1-model_v4.pdb	AF-A0A1V4W7B7-F1-model_v4.pdb
AF-A0A518LP88-F1-model_v4.pdb	AF-A0A518LP88-F1-model_v4.pdb
AF-A0A554JQZ9-F1-model_v4.pdb	AF-A0A554JQZ9-F1-model_v4.pdb
AF-A0A554JQZ9-F1-model_v4.pdb	AF-A0A249PIE4-F1-model_v4.pdb
AF-A0A562JGS4-F1-model_v4.pdb	AF-A0A562JGS4-F1-model_v4.pdb
AF-A0A562JGS4-F1-model_v4.pdb	AF-A0A1H3RFE5-F1-model_v4.pdb
AF-A0A562JGS4-F1-model_v4.pdb	AF-A0A1V5RMR7-F1-model_v4.pdb
AF-A0A5P9HKW0-F1-model_v4.pdb	AF-A0A5P9HKW0-F1-model_v4.pdb
AF-A0A5P9HN22-F1-model_v4.pdb	AF-A0A5P9HN22-F1-model_v4.pdb
AF-A0A5S5C913-F1-model_v4.pdb	AF-A0A5S5C913-F1-model_v4.pdb
AF-A0A6C1VQR4-F1-model_v4.pdb	AF-A0A6C1VQR4-F1-model_v4.pdb
AF-A0A6F8ZGF4-F1-model_v4.pdb	AF-A0A6F8ZGF4-F1-model_v4.pdb
AF-A0A6M1YJ42-F1-model_v4.pdb	AF-A0A6M1YJ42-F1-model_v4.pdb
AF-A0A6M1YJ42-F1-model_v4.pdb	AF-A0A3B0QIA3-F1-model_v4.pdb
AF-A0A6M1YJ42-F1-model_v4.pdb	AF-A0A6M1Z3X0-F1-model_v4.pdb
AF-A0A6M1ZTL2-F1-model_v4.pdb	AF-A0A6M1ZTL2-F1-model_v4.pdb
AF-A0A6M1ZZ67-F1-model_v4.pdb	AF-A0A6M1ZZ67-F1-model_v4.pdb
AF-A0A6M1ZZ67-F1-model_v4.pdb	AF-A0A486XN99-F1-model_v4.pdb
AF-A0A6M1ZZ67-F1-model_v4.pdb	AF-A0A6M1ZB96-F1-model_v4.pdb
AF-A0A6M2A7B7-F1-model_v4.pdb	AF-A0A6M2A7B7-F1-model_v4.pdb
AF-A0A6V8LYJ9-F1-model_v4.pdb	AF-A0A6V8LYJ9-F1-model_v4.pdb
AF-A0A6V8LYJ9-F1-model_v4.pdb	AF-A0A143ZTT5-F1-model_v4.pdb
AF-A0A6V8LYJ9-F1-model_v4.pdb	AF-A0A174NG16-F1-model_v4.pdb
AF-A0A6V8LYJ9-F1-model_v4.pdb	AF-A0A4P6LXS6-F1-model_v4.pdb
AF-A0A7R7E2C2-F1-model_v4.pdb	AF-A0A7R7E2C2-F1-model_v4.pdb
AF-A0A7R7E2C2-F1-model_v4.pdb	AF-A0A0P1GRQ5-F1-model_v4.pdb
AF-A0A7R7E2C2-F1-model_v4.pdb	AF-A0A0M6XNK8-F1-model_v4.pdb
AF-A0A7R7E2C2-F1-model_v4.pdb	AF-A0A151AKB7-F1-model_v4.pdb
AF-A0A7R7E2C2-F1-model_v4.pdb	AF-A0A177H8H2-F1-model_v4.pdb
AF-A0A7R7E2C2-F1-model_v4.pdb	AF-A0A1E2RWF6-F1-model_v4.pdb
AF-A0A7R7E2C2-F1-model_v4.pdb	AF-A0A1V4SPK4-F1-model_v4.pdb
AF-A0A7R7E2C2-F1-model_v4.pdb	AF-A0A1V5Q315-F1-model_v4.pdb
AF-A0A7R7E2C2-F1-model_v4.pdb	AF-A0A1Y5RZ15-F1-model_v4.pdb
AF-A0A7R7E2C2-F1-model_v4.pdb	AF-A0A1Y5TI89-F1-model_v4.pdb
AF-A0A7R7E2C2-F1-model_v4.pdb	AF-A0A222E1P0-F1-model_v4.pdb
AF-A0A7R7E2C2-F1-model_v4.pdb	AF-A0A238K9X1-F1-model_v4.pdb
AF-A0A7R7E2C2-F1-model_v4.pdb	AF-A0A2C9D077-F1-model_v4.pdb
AF-A0A7R7E2C2-F1-model_v4.pdb	AF-A0A2R8AFF2-F1-model_v4.pdb
AF-A0A7R7E2C2-F1-model_v4.pdb	AF-A0A509EHP3-F1-model_v4.pdb
AF-A0A7R7E2C2-F1-model_v4.pdb	AF-A0A1J5NGT2-F1-model_v4.pdb
AF-A0A7R7E2C2-F1-model_v4.pdb	AF-A0A1V5LSZ0-F1-model_v4.pdb
AF-A0A7R7E2C2-F1-model_v4.pdb	AF-A0A7J0AAJ5-F1-model_v4.pdb
AF-A0A7R7E2C2-F1-model_v4.pdb	AF-A0A399DVH1-F1-model_v4.pdb
AF-A0A7R7E2C2-F1-model_v4.pdb	AF-A0A2H5WX43-F1-model_v4.pdb
AF-A0A7R7E2C2-F1-model_v4.pdb	AF-A0A132I0H7-F1-model_v4.pdb
AF-A0A7R7E2C2-F1-model_v4.pdb	AF-A0A161I7N8-F1-model_v4.pdb
AF-A0A7R7E2C2-F1-model_v4.pdb	AF-A0A1V4SPZ7-F1-model_v4.pdb
AF-A0A7R7E2C2-F1-model_v4.pdb	AF-A0A1C6KAV1-F1-model_v4.pdb
AF-A0A7R7E2C2-F1-model_v4.pdb	AF-A0A097AQH5-F1-model_v4.pdb
AF-A0A7R7E2C2-F1-model_v4.pdb	AF-A0A0B0I0E4-F1-model_v4.pdb
AF-A0A7R7E2C2-F1-model_v4.pdb	AF-A0A0J1FLR6-F1-model_v4.pdb
AF-A0A7R7E2C2-F1-model_v4.pdb	AF-A0A1C6FXM9-F1-model_v4.pdb
AF-A0A7R7E2C2-F1-model_v4.pdb	AF-A0A1V5Y675-F1-model_v4.pdb
AF-A0A7R7E2C2-F1-model_v4.pdb	AF-A0A5P9QD35-F1-model_v4.pdb
AF-A0A7R7E2C2-F1-model_v4.pdb	AF-A0A251XWU1-F1-model_v4.pdb
AF-A0A7R7E2C2-F1-model_v4.pdb	AF-A0A2R2W7J9-F1-model_v4.pdb
AF-A0A7R7E2C2-F1-model_v4.pdb	AF-A0A2H6A6M5-F1-model_v4.pdb
AF-A0A7R7E2C2-F1-model_v4.pdb	AF-A0A6N7B1P8-F1-model_v4.pdb
AF-A0A7R7E2C2-F1-model_v4.pdb	AF-A0A1V5LV71-F1-model_v4.pdb
AF-A0A7R7E2C2-F1-model_v4.pdb	AF-A0A1V6B291-F1-model_v4.pdb
AF-A0A7R7E2C2-F1-model_v4.pdb	AF-A0A1V4XT62-F1-model_v4.pdb
AF-A0A7R7E2C2-F1-model_v4.pdb	AF-A0A2S5D150-F1-model_v4.pdb
AF-A0A7R7E2C2-F1-model_v4.pdb	AF-A0A0A5FX53-F1-model_v4.pdb
AF-A0A7R7E2C2-F1-model_v4.pdb	AF-A0A098EJJ4-F1-model_v4.pdb
AF-A0A7R7E2C2-F1-model_v4.pdb	AF-A0A2S5D4Q5-F1-model_v4.pdb
AF-A0A7R7E2C2-F1-model_v4.pdb	AF-A0A1C5LM33-F1-model_v4.pdb
AF-A0A7R7E2C2-F1-model_v4.pdb	AF-A0A239TX81-F1-model_v4.pdb
AF-A0A7R7E2C2-F1-model_v4.pdb	AF-A0A239ZEX4-F1-model_v4.pdb
AF-A0A7R7E2C2-F1-model_v4.pdb	AF-A0A428I3D7-F1-model_v4.pdb
AF-A0A7R7E2C2-F1-model_v4.pdb	AF-A0A564UDL0-F1-model_v4.pdb
AF-A0A7R7E2C2-F1-model_v4.pdb	AF-G8SE27-F1-model_v4.pdb
AF-A0A7U9MND5-F1-model_v4.pdb	AF-A0A7U9MND5-F1-model_v4.pdb
AF-A0A7U9SWI7-F1-model_v4.pdb	AF-A0A7U9SWI7-F1-model_v4.pdb
AF-A0A7X3JY59-F1-model_v4.pdb	AF-A0A7X3JY59-F1-model_v4.pdb
AF-A0A7X3JY59-F1-model_v4.pdb	AF-A0A1H0BU55-F1-model_v4.pdb
AF-A0A7X3JY59-F1-model_v4.pdb	AF-A0A1I2BS16-F1-model_v4.pdb
AF-A0A7X3JY59-F1-model_v4.pdb	AF-A0A3B0BSJ8-F1-model_v4.pdb
AF-A0A7X3JY59-F1-model_v4.pdb	AF-A0A7S8CCP0-F1-model_v4.pdb
AF-A0A841RQA6-F1-model_v4.pdb	AF-A0A841RQA6-F1-model_v4.pdb
AF-A0A8B4Q8P9-F1-model_v4.pdb	AF-A0A8B4Q8P9-F1-model_v4.pdb
AF-A0A8B4Q8P9-F1-model_v4.pdb	AF-A0A511UW83-F1-model_v4.pdb
AF-A0A8B4Q8P9-F1-model_v4.pdb	AF-A0A1V5PMQ5-F1-model_v4.pdb
AF-A0A8B4Q8P9-F1-model_v4.pdb	AF-A0A0P9AH63-F1-model_v4.pdb
AF-A0A8B4Q8P9-F1-model_v4.pdb	AF-A0A1V5Q709-F1-model_v4.pdb
AF-C0QS73-F1-model_v4.pdb	AF-C0QS73-F1-model_v4.pdb
AF-C0QS73-F1-model_v4.pdb	AF-A0A380MYU4-F1-model_v4.pdb
AF-C2ZHC9-F1-model_v4.pdb	AF-C2ZHC9-F1-model_v4.pdb
AF-C2ZHC9-F1-model_v4.pdb	AF-A0A4U8Q5S6-F1-model_v4.pdb
AF-C2ZHC9-F1-model_v4.pdb	AF-K1KS64-F1-model_v4.pdb
AF-C2ZHC9-F1-model_v4.pdb	AF-A0A098EIW5-F1-model_v4.pdb
AF-C3JB20-F1-model_v4.pdb	AF-C3JB20-F1-model_v4.pdb
AF-C3JB20-F1-model_v4.pdb	AF-A0A380MZP3-F1-model_v4.pdb
AF-C3JB20-F1-model_v4.pdb	AF-A0A378YYK5-F1-model_v4.pdb
AF-C3JB20-F1-model_v4.pdb	AF-A0A1V5R6H8-F1-model_v4.pdb
AF-C3JB20-F1-model_v4.pdb	AF-A0A498RH43-F1-model_v4.pdb
AF-C5C6Z4-F1-model_v4.pdb	AF-C5C6Z4-F1-model_v4.pdb
AF-D6YTN7-F1-model_v4.pdb	AF-D6YTN7-F1-model_v4.pdb
AF-D6YTN7-F1-model_v4.pdb	AF-A0A6G4ZR44-F1-model_v4.pdb
AF-D6YTN7-F1-model_v4.pdb	AF-A0A6M1ZQ73-F1-model_v4.pdb
AF-E4MQ17-F1-model_v4.pdb	AF-E4MQ17-F1-model_v4.pdb
AF-E4MQ17-F1-model_v4.pdb	AF-A0A0S2HUS6-F1-model_v4.pdb
AF-F5XN07-F1-model_v4.pdb	AF-F5XN07-F1-model_v4.pdb
AF-F5XN07-F1-model_v4.pdb	AF-A0A0U4WCU3-F1-model_v4.pdb
AF-F5XN07-F1-model_v4.pdb	AF-A0A378Q1P0-F1-model_v4.pdb
AF-F5XN07-F1-model_v4.pdb	AF-A0A259UPD7-F1-model_v4.pdb
AF-F5XN07-F1-model_v4.pdb	AF-A0A239WTS9-F1-model_v4.pdb
AF-F5XN07-F1-model_v4.pdb	AF-A0A1T4UDV6-F1-model_v4.pdb
AF-I0JQX9-F1-model_v4.pdb	AF-I0JQX9-F1-model_v4.pdb
AF-R6SGY6-F1-model_v4.pdb	AF-R6SGY6-F1-model_v4.pdb
AF-R7C958-F1-model_v4.pdb	AF-R7C958-F1-model_v4.pdb
AF-R7C958-F1-model_v4.pdb	AF-A0A846MCS6-F1-model_v4.pdb
AF-R7C958-F1-model_v4.pdb	AF-R5RQM8-F1-model_v4.pdb
AF-R7C958-F1-model_v4.pdb	AF-R5RW36-F1-model_v4.pdb
AF-R7C958-F1-model_v4.pdb	AF-R5STP1-F1-model_v4.pdb
AF-R7F3K0-F1-model_v4.pdb	AF-R7F3K0-F1-model_v4.pdb
AF-R7F3K0-F1-model_v4.pdb	AF-A0A4P8XX18-F1-model_v4.pdb
AF-R7F3K0-F1-model_v4.pdb	AF-A0A6N2SLV1-F1-model_v4.pdb
AF-A0A1C5UUU7-F1-model_v4.pdb	AF-A0A1C5UUU7-F1-model_v4.pdb
AF-A0A1C5VJV2-F1-model_v4.pdb	AF-A0A1C5VJV2-F1-model_v4.pdb
AF-A0A1C5VJV2-F1-model_v4.pdb	AF-A0A1V6EIC9-F1-model_v4.pdb
AF-A0A1C5YXG5-F1-model_v4.pdb	AF-A0A1C5YXG5-F1-model_v4.pdb
AF-A0A1C5YXG5-F1-model_v4.pdb	AF-A0A0F0CIG8-F1-model_v4.pdb
AF-A0A1C5YXG5-F1-model_v4.pdb	AF-A0A173SQ00-F1-model_v4.pdb
AF-A0A1C5YXG5-F1-model_v4.pdb	AF-A0A1C5P5B2-F1-model_v4.pdb
AF-A0A1C5YXG5-F1-model_v4.pdb	AF-A0A1C6HRE6-F1-model_v4.pdb
AF-A0A1C5YXG5-F1-model_v4.pdb	AF-A0A1C6K4M9-F1-model_v4.pdb
AF-A0A1C5YXG5-F1-model_v4.pdb	AF-A0A7U9RW63-F1-model_v4.pdb
AF-A0A1C5YXG5-F1-model_v4.pdb	AF-A0A1Y6AQ80-F1-model_v4.pdb
AF-A0A1C5YXG5-F1-model_v4.pdb	AF-A0A4P6LVN5-F1-model_v4.pdb
AF-A0A1C5YXG5-F1-model_v4.pdb	AF-A0A7U9MXQ8-F1-model_v4.pdb
AF-A0A1C5YXG5-F1-model_v4.pdb	AF-A0A7U9R122-F1-model_v4.pdb
AF-A0A1C5YXG5-F1-model_v4.pdb	AF-A0A7U9RTF9-F1-model_v4.pdb
AF-A0A1C6G745-F1-model_v4.pdb	AF-A0A1C6G745-F1-model_v4.pdb
AF-A0A1C6G745-F1-model_v4.pdb	AF-A0A1C6DUA5-F1-model_v4.pdb
AF-A0A1C6G745-F1-model_v4.pdb	AF-A0A4Y7RB34-F1-model_v4.pdb
AF-A0A1C6J839-F1-model_v4.pdb	AF-A0A1C6J839-F1-model_v4.pdb
AF-A0A1C6J839-F1-model_v4.pdb	AF-A0A1C5Q6A7-F1-model_v4.pdb
AF-A0A1C6J839-F1-model_v4.pdb	AF-A0A1C5ZDE9-F1-model_v4.pdb
AF-A0A1C6J839-F1-model_v4.pdb	AF-A0A1G9UKA7-F1-model_v4.pdb
AF-A0A1C6J839-F1-model_v4.pdb	AF-A0A1I6KYN6-F1-model_v4.pdb
AF-A0A1C6J839-F1-model_v4.pdb	AF-A0A1M6MFD1-F1-model_v4.pdb
AF-A0A1C6J839-F1-model_v4.pdb	AF-A0A356GGC1-F1-model_v4.pdb
AF-A0A1C6J839-F1-model_v4.pdb	AF-A0A3D0KMZ9-F1-model_v4.pdb
AF-A0A1C6J839-F1-model_v4.pdb	AF-A0A3D0XRE2-F1-model_v4.pdb
AF-A0A1C6J839-F1-model_v4.pdb	AF-A0A3B8NYU2-F1-model_v4.pdb
AF-A0A1C6J839-F1-model_v4.pdb	AF-A0A3N1XRM1-F1-model_v4.pdb
AF-A0A1C6J839-F1-model_v4.pdb	AF-A0A6S6XCB1-F1-model_v4.pdb
AF-A0A1C6J839-F1-model_v4.pdb	AF-R7FUQ9-F1-model_v4.pdb
AF-A0A1C6J839-F1-model_v4.pdb	AF-A0A1M6HTI5-F1-model_v4.pdb
AF-A0A1C6J839-F1-model_v4.pdb	AF-A0A1H8RXI3-F1-model_v4.pdb
AF-A0A1C6J839-F1-model_v4.pdb	AF-A0A0D0EWW0-F1-model_v4.pdb
AF-A0A1C6J839-F1-model_v4.pdb	AF-A0A3D1LC86-F1-model_v4.pdb
AF-A0A1C6J839-F1-model_v4.pdb	AF-A0A1H4GUM1-F1-model_v4.pdb
AF-A0A1C6J839-F1-model_v4.pdb	AF-A0A1I3NBR2-F1-model_v4.pdb
AF-A0A1C6J839-F1-model_v4.pdb	AF-A0A847C7J3-F1-model_v4.pdb
AF-A0A1C6JJG3-F1-model_v4.pdb	AF-A0A1C6JJG3-F1-model_v4.pdb
AF-A0A1C6JJG3-F1-model_v4.pdb	AF-A0A140L960-F1-model_v4.pdb
AF-A0A1C6JJG3-F1-model_v4.pdb	AF-A0A143XXX3-F1-model_v4.pdb
AF-A0A1C6JJG3-F1-model_v4.pdb	AF-A0A1C5PVP3-F1-model_v4.pdb
AF-A0A1C6JJG3-F1-model_v4.pdb	AF-A0A1C6BYD8-F1-model_v4.pdb
AF-A0A1C6JJG3-F1-model_v4.pdb	AF-A0A1C6KPI7-F1-model_v4.pdb
AF-A0A1C6JJG3-F1-model_v4.pdb	AF-A0A1C6KPN5-F1-model_v4.pdb
AF-A0A1C6JJG3-F1-model_v4.pdb	AF-A0A379CGH3-F1-model_v4.pdb
AF-A0A1C6JJG3-F1-model_v4.pdb	AF-A0A6N2U4F9-F1-model_v4.pdb
AF-A0A1C6JJG3-F1-model_v4.pdb	AF-A0A6N3I5I0-F1-model_v4.pdb
AF-A0A1C6JJG3-F1-model_v4.pdb	AF-A0A7M4DGD1-F1-model_v4.pdb
AF-A0A1C6JJG3-F1-model_v4.pdb	AF-A0A1V5LKA0-F1-model_v4.pdb
AF-A0A1C6JJG3-F1-model_v4.pdb	AF-A0A2H6EYC2-F1-model_v4.pdb
AF-A0A1C6JJG3-F1-model_v4.pdb	AF-A0A1D3UJG1-F1-model_v4.pdb
AF-A0A1C6JJG3-F1-model_v4.pdb	AF-A0A1G4G4Z7-F1-model_v4.pdb
AF-A0A1C6JJG3-F1-model_v4.pdb	AF-A0A1V5Y434-F1-model_v4.pdb
AF-A0A1C6JJG3-F1-model_v4.pdb	AF-A0A4U9JNL7-F1-model_v4.pdb
AF-A0A1C6JJG3-F1-model_v4.pdb	AF-A0A6N2W4T9-F1-model_v4.pdb
AF-A0A1C6JJG3-F1-model_v4.pdb	AF-U5Q6I1-F1-model_v4.pdb
AF-A0A1C6JJG3-F1-model_v4.pdb	AF-A0A2K9DWZ2-F1-model_v4.pdb
AF-A0A1C6JJG3-F1-model_v4.pdb	AF-A0A173U4W7-F1-model_v4.pdb
AF-A0A1C6JJG3-F1-model_v4.pdb	AF-A0A1M4NB46-F1-model_v4.pdb
AF-A0A1C6JJG3-F1-model_v4.pdb	AF-A0A1V5C9Y8-F1-model_v4.pdb
AF-A0A1C6JJG3-F1-model_v4.pdb	AF-A0A7U9N0N3-F1-model_v4.pdb
AF-A0A1C6JJG3-F1-model_v4.pdb	AF-A0A4Y7RYV5-F1-model_v4.pdb
AF-A0A1C6JJG3-F1-model_v4.pdb	AF-A0A1E3KYI8-F1-model_v4.pdb
AF-A0A1C6JJG3-F1-model_v4.pdb	AF-A0A1Y2N617-F1-model_v4.pdb
AF-A0A1C6JJG3-F1-model_v4.pdb	AF-A0A2K8P6E0-F1-model_v4.pdb
AF-A0A1C6JJG3-F1-model_v4.pdb	AF-A0A2K9E0S4-F1-model_v4.pdb
AF-A0A1C6JJG3-F1-model_v4.pdb	AF-A0A449D861-F1-model_v4.pdb
AF-A0A1C6JJG3-F1-model_v4.pdb	AF-A0A6N8HNH9-F1-model_v4.pdb
AF-A0A1C6JJG3-F1-model_v4.pdb	AF-A0A8B4YK50-F1-model_v4.pdb
AF-A0A1C6JJG3-F1-model_v4.pdb	AF-A0A508YJ95-F1-model_v4.pdb
AF-A0A1C6JYE1-F1-model_v4.pdb	AF-A0A1C6JYE1-F1-model_v4.pdb
AF-A0A1C6L3K9-F1-model_v4.pdb	AF-A0A1C6L3K9-F1-model_v4.pdb
AF-A0A1C6L3K9-F1-model_v4.pdb	AF-A0A0P8W7Z2-F1-model_v4.pdb
AF-A0A1C6L3K9-F1-model_v4.pdb	AF-A0A4V3CSG6-F1-model_v4.pdb
AF-A0A1C6L3K9-F1-model_v4.pdb	AF-A0A136JTG6-F1-model_v4.pdb
AF-A0A1C6L3K9-F1-model_v4.pdb	AF-A0A1C5VQP2-F1-model_v4.pdb
AF-A0A1C6L3K9-F1-model_v4.pdb	AF-A0A1M6BA32-F1-model_v4.pdb
AF-A0A1C6L3K9-F1-model_v4.pdb	AF-A0A1V5U3I2-F1-model_v4.pdb
AF-A0A1C6L3K9-F1-model_v4.pdb	AF-R5E8N9-F1-model_v4.pdb
AF-A0A1C6L3K9-F1-model_v4.pdb	AF-A0A2N2CPI6-F1-model_v4.pdb
AF-A0A1C6L3K9-F1-model_v4.pdb	AF-A0A1C6JRH7-F1-model_v4.pdb
AF-A0A1C6L3K9-F1-model_v4.pdb	AF-A0A1Y6F093-F1-model_v4.pdb
AF-A0A1C6L3K9-F1-model_v4.pdb	AF-A0A6N7B0I0-F1-model_v4.pdb
AF-A0A1E3KVD0-F1-model_v4.pdb	AF-A0A1E3KVD0-F1-model_v4.pdb
AF-A0A1E3KYV2-F1-model_v4.pdb	AF-A0A1E3KYV2-F1-model_v4.pdb
AF-A0A1E3L7B8-F1-model_v4.pdb	AF-A0A1E3L7B8-F1-model_v4.pdb
AF-A0A1I0SEW6-F1-model_v4.pdb	AF-A0A1I0SEW6-F1-model_v4.pdb
AF-A0A1I0SEW6-F1-model_v4.pdb	AF-A0A0U5ATN0-F1-model_v4.pdb
AF-A0A1I0SEW6-F1-model_v4.pdb	AF-A0A151B4C5-F1-model_v4.pdb
AF-A0A1I0SEW6-F1-model_v4.pdb	AF-A0A285NMQ5-F1-model_v4.pdb
AF-A0A1I0SEW6-F1-model_v4.pdb	AF-A0A559UND0-F1-model_v4.pdb
AF-A0A1I0SEW6-F1-model_v4.pdb	AF-A0A837EFI4-F1-model_v4.pdb
AF-A0A1I0SEW6-F1-model_v4.pdb	AF-G4ETU0-F1-model_v4.pdb
AF-A0A1I0SEW6-F1-model_v4.pdb	AF-K1KPT3-F1-model_v4.pdb
AF-A0A1I0SEW6-F1-model_v4.pdb	AF-V9GE64-F1-model_v4.pdb
AF-A0A1I0SEW6-F1-model_v4.pdb	AF-V9W4V2-F1-model_v4.pdb
AF-A0A1I0SEW6-F1-model_v4.pdb	AF-A0A841EPG5-F1-model_v4.pdb
AF-A0A1I0SEW6-F1-model_v4.pdb	AF-Q67P41-F1-model_v4.pdb
AF-A0A1I2NVF2-F1-model_v4.pdb	AF-A0A1I2NVF2-F1-model_v4.pdb
AF-A0A1I2NVF2-F1-model_v4.pdb	AF-A0A1I0BTW5-F1-model_v4.pdb
AF-A0A1I2NVF2-F1-model_v4.pdb	AF-A0A1H4B6J9-F1-model_v4.pdb
AF-A0A1I2NVF2-F1-model_v4.pdb	AF-R5UM07-F1-model_v4.pdb
AF-A0A1I3FHS7-F1-model_v4.pdb	AF-A0A1I3FHS7-F1-model_v4.pdb
AF-A0A1I6K6U8-F1-model_v4.pdb	AF-A0A1I6K6U8-F1-model_v4.pdb
AF-A0A1I6K6U8-F1-model_v4.pdb	AF-R6BGB2-F1-model_v4.pdb
AF-A0A1I6K6U8-F1-model_v4.pdb	AF-R7K1S2-F1-model_v4.pdb
AF-A0A1I6KY25-F1-model_v4.pdb	AF-A0A1I6KY25-F1-model_v4.pdb
AF-A0A1I6KY25-F1-model_v4.pdb	AF-A0A173S7J0-F1-model_v4.pdb
AF-A0A1I6KY25-F1-model_v4.pdb	AF-A0A1C5YPL9-F1-model_v4.pdb
AF-A0A1I6KY25-F1-model_v4.pdb	AF-A0A1H0C001-F1-model_v4.pdb
AF-A0A1I6KY25-F1-model_v4.pdb	AF-C2KWA3-F1-model_v4.pdb
AF-A0A1I6KY25-F1-model_v4.pdb	AF-R6FSX8-F1-model_v4.pdb
AF-A0A1I6KY25-F1-model_v4.pdb	AF-R7HVK1-F1-model_v4.pdb
AF-A0A1M5VYK8-F1-model_v4.pdb	AF-A0A1M5VYK8-F1-model_v4.pdb
AF-A0A1M5VYK8-F1-model_v4.pdb	AF-A0A349QQV8-F1-model_v4.pdb
AF-A0A1M5VYK8-F1-model_v4.pdb	AF-A0A4R1N543-F1-model_v4.pdb
AF-A0A1M5VYK8-F1-model_v4.pdb	AF-A0A3D1V9H0-F1-model_v4.pdb
AF-A0A1S8QV46-F1-model_v4.pdb	AF-A0A1S8QV46-F1-model_v4.pdb
AF-A0A1U7M8N9-F1-model_v4.pdb	AF-A0A1U7M8N9-F1-model_v4.pdb
AF-A0A1U7M8N9-F1-model_v4.pdb	AF-A0A1C5MEG6-F1-model_v4.pdb
AF-A0A1U7M8N9-F1-model_v4.pdb	AF-A0A380NJE3-F1-model_v4.pdb
AF-A0A1U7M8N9-F1-model_v4.pdb	AF-A0A0V8JNZ3-F1-model_v4.pdb
AF-A0A1U7M8N9-F1-model_v4.pdb	AF-A0A1G8SQW0-F1-model_v4.pdb
AF-A0A1U7M8N9-F1-model_v4.pdb	AF-A0A1Z5IV70-F1-model_v4.pdb
AF-A0A1U7M8N9-F1-model_v4.pdb	AF-A0A285TJT8-F1-model_v4.pdb
AF-A0A1U7M8N9-F1-model_v4.pdb	AF-A0A380BF02-F1-model_v4.pdb
AF-A0A1U7M8N9-F1-model_v4.pdb	AF-A0A3P5XFW8-F1-model_v4.pdb
AF-A0A1U7M8N9-F1-model_v4.pdb	AF-A0A6V7QZQ8-F1-model_v4.pdb
AF-A0A1U7M8N9-F1-model_v4.pdb	AF-A0A078LY73-F1-model_v4.pdb
AF-A0A1U7M8N9-F1-model_v4.pdb	AF-A0A806TIM2-F1-model_v4.pdb
AF-A0A1U7M8N9-F1-model_v4.pdb	AF-K1L129-F1-model_v4.pdb
AF-A0A1U7M8N9-F1-model_v4.pdb	AF-M7NHB2-F1-model_v4.pdb
AF-A0A1U7M8N9-F1-model_v4.pdb	AF-A0A0A6UJ44-F1-model_v4.pdb
AF-A0A1U7M8N9-F1-model_v4.pdb	AF-A0A174JNK9-F1-model_v4.pdb
AF-A0A1U7M8N9-F1-model_v4.pdb	AF-A0A162R583-F1-model_v4.pdb
AF-A0A1U7M8N9-F1-model_v4.pdb	AF-A0A173TCM6-F1-model_v4.pdb
AF-A0A1U7M8N9-F1-model_v4.pdb	AF-A0A174E8P5-F1-model_v4.pdb
AF-A0A1U7M8N9-F1-model_v4.pdb	AF-A0A174KQX2-F1-model_v4.pdb
AF-A0A1U7M8N9-F1-model_v4.pdb	AF-A0A8B3GTJ6-F1-model_v4.pdb
AF-A0A1U7M8N9-F1-model_v4.pdb	AF-A0A1S1V641-F1-model_v4.pdb
AF-A0A1U7M8N9-F1-model_v4.pdb	AF-A0A1S8NWX3-F1-model_v4.pdb
AF-A0A1U7M8N9-F1-model_v4.pdb	AF-A0A653ARH4-F1-model_v4.pdb
AF-A0A1U7M8N9-F1-model_v4.pdb	AF-A0A6N2VVZ6-F1-model_v4.pdb
AF-A0A1U7M8V5-F1-model_v4.pdb	AF-A0A1U7M8V5-F1-model_v4.pdb
AF-A0A1U9NP23-F1-model_v4.pdb	AF-A0A1U9NP23-F1-model_v4.pdb
AF-A0A1V2RDC0-F1-model_v4.pdb	AF-A0A1V2RDC0-F1-model_v4.pdb
AF-A0A1V4SDX7-F1-model_v4.pdb	AF-A0A1V4SDX7-F1-model_v4.pdb
AF-A0A1V4SIA2-F1-model_v4.pdb	AF-A0A1V4SIA2-F1-model_v4.pdb
AF-A0A1V5CDR4-F1-model_v4.pdb	AF-A0A1V5CDR4-F1-model_v4.pdb
AF-A0A1V5CDR4-F1-model_v4.pdb	AF-A0A1V4WZV6-F1-model_v4.pdb
AF-A0A1V5CDR4-F1-model_v4.pdb	AF-A0A1V5DCT9-F1-model_v4.pdb
AF-A0A1V5CDR4-F1-model_v4.pdb	AF-A0A2R8FAR7-F1-model_v4.pdb
AF-A0A1V5CDR4-F1-model_v4.pdb	AF-A0A410P2Z4-F1-model_v4.pdb
AF-A0A1V5CDR4-F1-model_v4.pdb	AF-A0A6M2A7F0-F1-model_v4.pdb
AF-A0A1V5CDR4-F1-model_v4.pdb	AF-A0A511Z9R6-F1-model_v4.pdb
AF-A0A1V5CDR4-F1-model_v4.pdb	AF-A0A024Q7X5-F1-model_v4.pdb
AF-A0A1V5CDR4-F1-model_v4.pdb	AF-A0A2K9IWA9-F1-model_v4.pdb
AF-A0A1V5CDR4-F1-model_v4.pdb	AF-A0A2R3JMM1-F1-model_v4.pdb
AF-A0A1V5CDR4-F1-model_v4.pdb	AF-A0A328MZM0-F1-model_v4.pdb
AF-A0A1V5CDR4-F1-model_v4.pdb	AF-A0A348AMB8-F1-model_v4.pdb
AF-A0A1V5CDR4-F1-model_v4.pdb	AF-A0A378MH08-F1-model_v4.pdb
AF-A0A1V5CDR4-F1-model_v4.pdb	AF-A0A5J4J4S3-F1-model_v4.pdb
AF-A0A1V5CDR4-F1-model_v4.pdb	AF-A0A5P9HTA7-F1-model_v4.pdb
AF-A0A1V5CDR4-F1-model_v4.pdb	AF-A0A653PIK4-F1-model_v4.pdb
AF-A0A1V5CDR4-F1-model_v4.pdb	AF-A0A6N3DKK2-F1-model_v4.pdb
AF-A0A1V5CDR4-F1-model_v4.pdb	AF-A0A7D7C772-F1-model_v4.pdb
AF-A0A1V5CDR4-F1-model_v4.pdb	AF-A0A060M050-F1-model_v4.pdb
AF-A0A1V5CDR4-F1-model_v4.pdb	AF-A0A1X1FCW7-F1-model_v4.pdb
AF-A0A1V5CDR4-F1-model_v4.pdb	AF-H0U7A9-F1-model_v4.pdb
AF-A0A1V5KVW1-F1-model_v4.pdb	AF-A0A1V5KVW1-F1-model_v4.pdb
AF-A0A1V5N0W8-F1-model_v4.pdb	AF-A0A1V5N0W8-F1-model_v4.pdb
